
{
  "response": {
  "version":"0.1",
  "termsofService":"http://www.wunderground.com/weather/api/d/terms.html",
  "features": {
  "forecast10day": 1
  }
	}
		,
	"forecast":{
		"txt_forecast": {
		"date":"9:22 PM WIB",
		"forecastday": [
		{
		"period":0,
		"icon":"partlycloudy",
		"icon_url":"http://icons.wxug.com/i/c/k/partlycloudy.gif",
		"title":"Sunday",
		"fcttext":"Partly cloudy. Lows overnight in the mid 70s.",
		"fcttext_metric":"Partly cloudy. Low 24C.",
		"pop":"10"
		}
		,
		{
		"period":1,
		"icon":"nt_partlycloudy",
		"icon_url":"http://icons.wxug.com/i/c/k/nt_partlycloudy.gif",
		"title":"Sunday Night",
		"fcttext":"Some clouds. Low near 75F. Winds SSE at 10 to 15 mph.",
		"fcttext_metric":"A few clouds. Low 24C. Winds SSE at 15 to 25 km/h.",
		"pop":"10"
		}
		,
		{
		"period":2,
		"icon":"tstorms",
		"icon_url":"http://icons.wxug.com/i/c/k/tstorms.gif",
		"title":"Monday",
		"fcttext":"Scattered thunderstorms in the morning becoming more widespread in the afternoon. High near 90F. Winds ENE at 5 to 10 mph. Chance of rain 80%.",
		"fcttext_metric":"Scattered thunderstorms in the morning becoming more widespread in the afternoon. High 32C. Winds ENE at 10 to 15 km/h. Chance of rain 80%.",
		"pop":"80"
		}
		,
		{
		"period":3,
		"icon":"nt_chancetstorms",
		"icon_url":"http://icons.wxug.com/i/c/k/nt_chancetstorms.gif",
		"title":"Monday Night",
		"fcttext":"Scattered thunderstorms during the evening, then partly cloudy overnight. Low around 75F. Winds light and variable. Chance of rain 40%.",
		"fcttext_metric":"Scattered thunderstorms in the evening. Partly cloudy skies overnight. Low 24C. Winds light and variable. Chance of rain 40%.",
		"pop":"40"
		}
		,
		{
		"period":4,
		"icon":"tstorms",
		"icon_url":"http://icons.wxug.com/i/c/k/tstorms.gif",
		"title":"Tuesday",
		"fcttext":"Thunderstorms likely. High 89F. Winds ENE at 5 to 10 mph. Chance of rain 80%.",
		"fcttext_metric":"Thunderstorms likely. High 31C. Winds ENE at 10 to 15 km/h. Chance of rain 80%.",
		"pop":"80"
		}
		,
		{
		"period":5,
		"icon":"nt_chancetstorms",
		"icon_url":"http://icons.wxug.com/i/c/k/nt_chancetstorms.gif",
		"title":"Tuesday Night",
		"fcttext":"Scattered thunderstorms. Low near 75F. Winds light and variable. Chance of rain 60%.",
		"fcttext_metric":"Scattered showers and thunderstorms. Low 24C. Winds light and variable. Chance of rain 60%.",
		"pop":"60"
		}
		,
		{
		"period":6,
		"icon":"tstorms",
		"icon_url":"http://icons.wxug.com/i/c/k/tstorms.gif",
		"title":"Wednesday",
		"fcttext":"Thunderstorms. High 89F. Winds light and variable. Chance of rain 100%.",
		"fcttext_metric":"Thunderstorms. High 32C. Winds light and variable. Chance of rain 100%.",
		"pop":"100"
		}
		,
		{
		"period":7,
		"icon":"nt_chancetstorms",
		"icon_url":"http://icons.wxug.com/i/c/k/nt_chancetstorms.gif",
		"title":"Wednesday Night",
		"fcttext":"Scattered showers and thunderstorms, especially before midnight. Low around 75F. Winds light and variable. Chance of rain 40%.",
		"fcttext_metric":"Scattered thunderstorms, especially in the evening. Low 24C. Winds light and variable. Chance of rain 40%.",
		"pop":"40"
		}
		,
		{
		"period":8,
		"icon":"tstorms",
		"icon_url":"http://icons.wxug.com/i/c/k/tstorms.gif",
		"title":"Thursday",
		"fcttext":"Thunderstorms likely. High near 90F. Winds NE at 5 to 10 mph. Chance of rain 80%.",
		"fcttext_metric":"Thunderstorms likely. High 32C. Winds NE at 10 to 15 km/h. Chance of rain 80%.",
		"pop":"80"
		}
		,
		{
		"period":9,
		"icon":"nt_chancetstorms",
		"icon_url":"http://icons.wxug.com/i/c/k/nt_chancetstorms.gif",
		"title":"Thursday Night",
		"fcttext":"Scattered thunderstorms during the evening, then partly cloudy overnight. Low around 75F. Winds light and variable. Chance of rain 40%.",
		"fcttext_metric":"Scattered thunderstorms in the evening. Partly cloudy skies overnight. Low 24C. Winds light and variable. Chance of rain 40%.",
		"pop":"40"
		}
		,
		{
		"period":10,
		"icon":"tstorms",
		"icon_url":"http://icons.wxug.com/i/c/k/tstorms.gif",
		"title":"Friday",
		"fcttext":"Thunderstorms. High near 90F. Winds ENE at 5 to 10 mph. Chance of rain 90%.",
		"fcttext_metric":"Thunderstorms. High 32C. Winds ENE at 10 to 15 km/h. Chance of rain 90%.",
		"pop":"90"
		}
		,
		{
		"period":11,
		"icon":"nt_chancetstorms",
		"icon_url":"http://icons.wxug.com/i/c/k/nt_chancetstorms.gif",
		"title":"Friday Night",
		"fcttext":"Scattered thunderstorms during the evening, then partly cloudy overnight. Low around 75F. Winds light and variable. Chance of rain 50%.",
		"fcttext_metric":"Scattered thunderstorms during the evening, then partly cloudy overnight. Low 24C. Winds light and variable. Chance of rain 50%.",
		"pop":"50"
		}
		,
		{
		"period":12,
		"icon":"tstorms",
		"icon_url":"http://icons.wxug.com/i/c/k/tstorms.gif",
		"title":"Saturday",
		"fcttext":"Thunderstorms likely. High around 90F. Winds ENE at 5 to 10 mph. Chance of rain 80%.",
		"fcttext_metric":"Thunderstorms likely. High 32C. Winds ENE at 10 to 15 km/h. Chance of rain 80%.",
		"pop":"80"
		}
		,
		{
		"period":13,
		"icon":"nt_chancetstorms",
		"icon_url":"http://icons.wxug.com/i/c/k/nt_chancetstorms.gif",
		"title":"Saturday Night",
		"fcttext":"Variable clouds with thunderstorms, especially during the evening. Low near 75F. Winds light and variable. Chance of rain 50%.",
		"fcttext_metric":"Variable clouds with scattered thunderstorms. Low 24C. Winds light and variable. Chance of rain 50%.",
		"pop":"50"
		}
		,
		{
		"period":14,
		"icon":"tstorms",
		"icon_url":"http://icons.wxug.com/i/c/k/tstorms.gif",
		"title":"Sunday",
		"fcttext":"Scattered thunderstorms in the morning, then mainly cloudy during the afternoon with thunderstorms likely. High near 90F. Winds ENE at 5 to 10 mph. Chance of rain 80%.",
		"fcttext_metric":"Scattered thunderstorms in the morning, then mainly cloudy during the afternoon with thunderstorms likely. High 32C. Winds ENE at 10 to 15 km/h. Chance of rain 80%.",
		"pop":"80"
		}
		,
		{
		"period":15,
		"icon":"nt_mostlycloudy",
		"icon_url":"http://icons.wxug.com/i/c/k/nt_mostlycloudy.gif",
		"title":"Sunday Night",
		"fcttext":"Mainly cloudy. Low around 75F. Winds light and variable.",
		"fcttext_metric":"Considerable cloudiness. Low 24C. Winds light and variable.",
		"pop":"20"
		}
		,
		{
		"period":16,
		"icon":"tstorms",
		"icon_url":"http://icons.wxug.com/i/c/k/tstorms.gif",
		"title":"Monday",
		"fcttext":"Isolated thunderstorms in the morning, then mainly cloudy during the afternoon with thunderstorms likely. High 89F. Winds ENE at 5 to 10 mph. Chance of rain 80%.",
		"fcttext_metric":"Isolated thunderstorms in the morning becoming more widespread in the afternoon. High 32C. Winds ENE at 10 to 15 km/h. Chance of rain 80%.",
		"pop":"80"
		}
		,
		{
		"period":17,
		"icon":"nt_chancetstorms",
		"icon_url":"http://icons.wxug.com/i/c/k/nt_chancetstorms.gif",
		"title":"Monday Night",
		"fcttext":"Scattered thunderstorms during the evening, then partly cloudy overnight. Low 76F. Winds light and variable. Chance of rain 40%.",
		"fcttext_metric":"Scattered thunderstorms during the evening, then partly cloudy overnight. Low 24C. Winds light and variable. Chance of rain 40%.",
		"pop":"40"
		}
		,
		{
		"period":18,
		"icon":"tstorms",
		"icon_url":"http://icons.wxug.com/i/c/k/tstorms.gif",
		"title":"Tuesday",
		"fcttext":"Scattered thunderstorms in the morning, then mainly cloudy during the afternoon with thunderstorms likely. High 89F. Winds N at 5 to 10 mph. Chance of rain 80%.",
		"fcttext_metric":"Scattered thunderstorms in the morning, then mainly cloudy during the afternoon with thunderstorms likely. High 31C. Winds N at 10 to 15 km/h. Chance of rain 80%.",
		"pop":"80"
		}
		,
		{
		"period":19,
		"icon":"nt_chancetstorms",
		"icon_url":"http://icons.wxug.com/i/c/k/nt_chancetstorms.gif",
		"title":"Tuesday Night",
		"fcttext":"Thunderstorms during the evening, then partly cloudy overnight. Low 76F. Winds light and variable. Chance of rain 80%.",
		"fcttext_metric":"Thunderstorms during the evening, then partly cloudy overnight. Low 24C. Winds light and variable. Chance of rain 80%.",
		"pop":"80"
		}
		]
		},
		"simpleforecast": {
		"forecastday": [
		{"date":{
	"epoch":"1492948800",
	"pretty":"7:00 PM WIB on April 23, 2017",
	"day":23,
	"month":4,
	"year":2017,
	"yday":112,
	"hour":19,
	"min":"00",
	"sec":0,
	"isdst":"0",
	"monthname":"April",
	"monthname_short":"Apr",
	"weekday_short":"Sun",
	"weekday":"Sunday",
	"ampm":"PM",
	"tz_short":"WIB",
	"tz_long":"Asia/Jakarta"
},
		"period":1,
		"high": {
		"fahrenheit":"",
		"celsius":""
		},
		"low": {
		"fahrenheit":"75",
		"celsius":"24"
		},
		"conditions":"Partly Cloudy",
		"icon":"partlycloudy",
		"icon_url":"http://icons.wxug.com/i/c/k/partlycloudy.gif",
		"skyicon":"",
		"pop":10,
		"qpf_allday": {
		"in": 0.00,
		"mm": 0
		},
		"qpf_day": {
		"in": null,
		"mm": null
		},
		"qpf_night": {
		"in": 0.00,
		"mm": 0
		},
		"snow_allday": {
		"in": 0.0,
		"cm": 0.0
		},
		"snow_day": {
		"in": null,
		"cm": null
		},
		"snow_night": {
		"in": 0.0,
		"cm": 0.0
		},
		"maxwind": {
		"mph": 0,
		"kph": 0,
		"dir": "",
		"degrees": 0
		},
		"avewind": {
		"mph": 0,
		"kph": 0,
		"dir": "",
		"degrees": 0
		},
		"avehumidity": 95,
		"maxhumidity": 0,
		"minhumidity": 0
		}
		,
		{"date":{
	"epoch":"1493035200",
	"pretty":"7:00 PM WIB on April 24, 2017",
	"day":24,
	"month":4,
	"year":2017,
	"yday":113,
	"hour":19,
	"min":"00",
	"sec":0,
	"isdst":"0",
	"monthname":"April",
	"monthname_short":"Apr",
	"weekday_short":"Mon",
	"weekday":"Monday",
	"ampm":"PM",
	"tz_short":"WIB",
	"tz_long":"Asia/Jakarta"
},
		"period":2,
		"high": {
		"fahrenheit":"90",
		"celsius":"32"
		},
		"low": {
		"fahrenheit":"75",
		"celsius":"24"
		},
		"conditions":"Thunderstorm",
		"icon":"tstorms",
		"icon_url":"http://icons.wxug.com/i/c/k/tstorms.gif",
		"skyicon":"",
		"pop":80,
		"qpf_allday": {
		"in": 0.25,
		"mm": 6
		},
		"qpf_day": {
		"in": 0.22,
		"mm": 6
		},
		"qpf_night": {
		"in": 0.03,
		"mm": 1
		},
		"snow_allday": {
		"in": 0.0,
		"cm": 0.0
		},
		"snow_day": {
		"in": 0.0,
		"cm": 0.0
		},
		"snow_night": {
		"in": 0.0,
		"cm": 0.0
		},
		"maxwind": {
		"mph": 10,
		"kph": 16,
		"dir": "ENE",
		"degrees": 60
		},
		"avewind": {
		"mph": 7,
		"kph": 11,
		"dir": "ENE",
		"degrees": 60
		},
		"avehumidity": 76,
		"maxhumidity": 0,
		"minhumidity": 0
		}
		,
		{"date":{
	"epoch":"1493121600",
	"pretty":"7:00 PM WIB on April 25, 2017",
	"day":25,
	"month":4,
	"year":2017,
	"yday":114,
	"hour":19,
	"min":"00",
	"sec":0,
	"isdst":"0",
	"monthname":"April",
	"monthname_short":"Apr",
	"weekday_short":"Tue",
	"weekday":"Tuesday",
	"ampm":"PM",
	"tz_short":"WIB",
	"tz_long":"Asia/Jakarta"
},
		"period":3,
		"high": {
		"fahrenheit":"89",
		"celsius":"32"
		},
		"low": {
		"fahrenheit":"75",
		"celsius":"24"
		},
		"conditions":"Thunderstorm",
		"icon":"tstorms",
		"icon_url":"http://icons.wxug.com/i/c/k/tstorms.gif",
		"skyicon":"",
		"pop":80,
		"qpf_allday": {
		"in": 0.48,
		"mm": 12
		},
		"qpf_day": {
		"in": 0.34,
		"mm": 9
		},
		"qpf_night": {
		"in": 0.14,
		"mm": 4
		},
		"snow_allday": {
		"in": 0.0,
		"cm": 0.0
		},
		"snow_day": {
		"in": 0.0,
		"cm": 0.0
		},
		"snow_night": {
		"in": 0.0,
		"cm": 0.0
		},
		"maxwind": {
		"mph": 10,
		"kph": 16,
		"dir": "ENE",
		"degrees": 62
		},
		"avewind": {
		"mph": 7,
		"kph": 11,
		"dir": "ENE",
		"degrees": 62
		},
		"avehumidity": 80,
		"maxhumidity": 0,
		"minhumidity": 0
		}
		,
		{"date":{
	"epoch":"1493208000",
	"pretty":"7:00 PM WIB on April 26, 2017",
	"day":26,
	"month":4,
	"year":2017,
	"yday":115,
	"hour":19,
	"min":"00",
	"sec":0,
	"isdst":"0",
	"monthname":"April",
	"monthname_short":"Apr",
	"weekday_short":"Wed",
	"weekday":"Wednesday",
	"ampm":"PM",
	"tz_short":"WIB",
	"tz_long":"Asia/Jakarta"
},
		"period":4,
		"high": {
		"fahrenheit":"89",
		"celsius":"32"
		},
		"low": {
		"fahrenheit":"75",
		"celsius":"24"
		},
		"conditions":"Thunderstorm",
		"icon":"tstorms",
		"icon_url":"http://icons.wxug.com/i/c/k/tstorms.gif",
		"skyicon":"",
		"pop":100,
		"qpf_allday": {
		"in": 0.50,
		"mm": 13
		},
		"qpf_day": {
		"in": 0.44,
		"mm": 11
		},
		"qpf_night": {
		"in": 0.06,
		"mm": 2
		},
		"snow_allday": {
		"in": 0.0,
		"cm": 0.0
		},
		"snow_day": {
		"in": 0.0,
		"cm": 0.0
		},
		"snow_night": {
		"in": 0.0,
		"cm": 0.0
		},
		"maxwind": {
		"mph": 10,
		"kph": 16,
		"dir": "E",
		"degrees": 89
		},
		"avewind": {
		"mph": 5,
		"kph": 8,
		"dir": "E",
		"degrees": 89
		},
		"avehumidity": 78,
		"maxhumidity": 0,
		"minhumidity": 0
		}
		,
		{"date":{
	"epoch":"1493294400",
	"pretty":"7:00 PM WIB on April 27, 2017",
	"day":27,
	"month":4,
	"year":2017,
	"yday":116,
	"hour":19,
	"min":"00",
	"sec":0,
	"isdst":"0",
	"monthname":"April",
	"monthname_short":"Apr",
	"weekday_short":"Thu",
	"weekday":"Thursday",
	"ampm":"PM",
	"tz_short":"WIB",
	"tz_long":"Asia/Jakarta"
},
		"period":5,
		"high": {
		"fahrenheit":"90",
		"celsius":"32"
		},
		"low": {
		"fahrenheit":"75",
		"celsius":"24"
		},
		"conditions":"Thunderstorm",
		"icon":"tstorms",
		"icon_url":"http://icons.wxug.com/i/c/k/tstorms.gif",
		"skyicon":"",
		"pop":80,
		"qpf_allday": {
		"in": 0.23,
		"mm": 6
		},
		"qpf_day": {
		"in": 0.22,
		"mm": 6
		},
		"qpf_night": {
		"in": 0.02,
		"mm": 1
		},
		"snow_allday": {
		"in": 0.0,
		"cm": 0.0
		},
		"snow_day": {
		"in": 0.0,
		"cm": 0.0
		},
		"snow_night": {
		"in": 0.0,
		"cm": 0.0
		},
		"maxwind": {
		"mph": 10,
		"kph": 16,
		"dir": "NE",
		"degrees": 48
		},
		"avewind": {
		"mph": 6,
		"kph": 10,
		"dir": "NE",
		"degrees": 48
		},
		"avehumidity": 75,
		"maxhumidity": 0,
		"minhumidity": 0
		}
		,
		{"date":{
	"epoch":"1493380800",
	"pretty":"7:00 PM WIB on April 28, 2017",
	"day":28,
	"month":4,
	"year":2017,
	"yday":117,
	"hour":19,
	"min":"00",
	"sec":0,
	"isdst":"0",
	"monthname":"April",
	"monthname_short":"Apr",
	"weekday_short":"Fri",
	"weekday":"Friday",
	"ampm":"PM",
	"tz_short":"WIB",
	"tz_long":"Asia/Jakarta"
},
		"period":6,
		"high": {
		"fahrenheit":"90",
		"celsius":"32"
		},
		"low": {
		"fahrenheit":"75",
		"celsius":"24"
		},
		"conditions":"Thunderstorm",
		"icon":"tstorms",
		"icon_url":"http://icons.wxug.com/i/c/k/tstorms.gif",
		"skyicon":"",
		"pop":90,
		"qpf_allday": {
		"in": 0.54,
		"mm": 14
		},
		"qpf_day": {
		"in": 0.47,
		"mm": 12
		},
		"qpf_night": {
		"in": 0.07,
		"mm": 2
		},
		"snow_allday": {
		"in": 0.0,
		"cm": 0.0
		},
		"snow_day": {
		"in": 0.0,
		"cm": 0.0
		},
		"snow_night": {
		"in": 0.0,
		"cm": 0.0
		},
		"maxwind": {
		"mph": 10,
		"kph": 16,
		"dir": "ENE",
		"degrees": 67
		},
		"avewind": {
		"mph": 6,
		"kph": 10,
		"dir": "ENE",
		"degrees": 67
		},
		"avehumidity": 74,
		"maxhumidity": 0,
		"minhumidity": 0
		}
		,
		{"date":{
	"epoch":"1493467200",
	"pretty":"7:00 PM WIB on April 29, 2017",
	"day":29,
	"month":4,
	"year":2017,
	"yday":118,
	"hour":19,
	"min":"00",
	"sec":0,
	"isdst":"0",
	"monthname":"April",
	"monthname_short":"Apr",
	"weekday_short":"Sat",
	"weekday":"Saturday",
	"ampm":"PM",
	"tz_short":"WIB",
	"tz_long":"Asia/Jakarta"
},
		"period":7,
		"high": {
		"fahrenheit":"90",
		"celsius":"32"
		},
		"low": {
		"fahrenheit":"75",
		"celsius":"24"
		},
		"conditions":"Thunderstorm",
		"icon":"tstorms",
		"icon_url":"http://icons.wxug.com/i/c/k/tstorms.gif",
		"skyicon":"",
		"pop":80,
		"qpf_allday": {
		"in": 0.41,
		"mm": 10
		},
		"qpf_day": {
		"in": 0.38,
		"mm": 10
		},
		"qpf_night": {
		"in": 0.04,
		"mm": 1
		},
		"snow_allday": {
		"in": 0.0,
		"cm": 0.0
		},
		"snow_day": {
		"in": 0.0,
		"cm": 0.0
		},
		"snow_night": {
		"in": 0.0,
		"cm": 0.0
		},
		"maxwind": {
		"mph": 10,
		"kph": 16,
		"dir": "ENE",
		"degrees": 73
		},
		"avewind": {
		"mph": 6,
		"kph": 10,
		"dir": "ENE",
		"degrees": 73
		},
		"avehumidity": 76,
		"maxhumidity": 0,
		"minhumidity": 0
		}
		,
		{"date":{
	"epoch":"1493553600",
	"pretty":"7:00 PM WIB on April 30, 2017",
	"day":30,
	"month":4,
	"year":2017,
	"yday":119,
	"hour":19,
	"min":"00",
	"sec":0,
	"isdst":"0",
	"monthname":"April",
	"monthname_short":"Apr",
	"weekday_short":"Sun",
	"weekday":"Sunday",
	"ampm":"PM",
	"tz_short":"WIB",
	"tz_long":"Asia/Jakarta"
},
		"period":8,
		"high": {
		"fahrenheit":"90",
		"celsius":"32"
		},
		"low": {
		"fahrenheit":"75",
		"celsius":"24"
		},
		"conditions":"Thunderstorm",
		"icon":"tstorms",
		"icon_url":"http://icons.wxug.com/i/c/k/tstorms.gif",
		"skyicon":"",
		"pop":80,
		"qpf_allday": {
		"in": 0.23,
		"mm": 6
		},
		"qpf_day": {
		"in": 0.23,
		"mm": 6
		},
		"qpf_night": {
		"in": 0.00,
		"mm": 0
		},
		"snow_allday": {
		"in": 0.0,
		"cm": 0.0
		},
		"snow_day": {
		"in": 0.0,
		"cm": 0.0
		},
		"snow_night": {
		"in": 0.0,
		"cm": 0.0
		},
		"maxwind": {
		"mph": 10,
		"kph": 16,
		"dir": "ENE",
		"degrees": 73
		},
		"avewind": {
		"mph": 7,
		"kph": 11,
		"dir": "ENE",
		"degrees": 73
		},
		"avehumidity": 76,
		"maxhumidity": 0,
		"minhumidity": 0
		}
		,
		{"date":{
	"epoch":"1493640000",
	"pretty":"7:00 PM WIB on May 01, 2017",
	"day":1,
	"month":5,
	"year":2017,
	"yday":120,
	"hour":19,
	"min":"00",
	"sec":0,
	"isdst":"0",
	"monthname":"May",
	"monthname_short":"May",
	"weekday_short":"Mon",
	"weekday":"Monday",
	"ampm":"PM",
	"tz_short":"WIB",
	"tz_long":"Asia/Jakarta"
},
		"period":9,
		"high": {
		"fahrenheit":"89",
		"celsius":"32"
		},
		"low": {
		"fahrenheit":"76",
		"celsius":"24"
		},
		"conditions":"Thunderstorm",
		"icon":"tstorms",
		"icon_url":"http://icons.wxug.com/i/c/k/tstorms.gif",
		"skyicon":"",
		"pop":80,
		"qpf_allday": {
		"in": 0.22,
		"mm": 6
		},
		"qpf_day": {
		"in": 0.19,
		"mm": 5
		},
		"qpf_night": {
		"in": 0.04,
		"mm": 1
		},
		"snow_allday": {
		"in": 0.0,
		"cm": 0.0
		},
		"snow_day": {
		"in": 0.0,
		"cm": 0.0
		},
		"snow_night": {
		"in": 0.0,
		"cm": 0.0
		},
		"maxwind": {
		"mph": 10,
		"kph": 16,
		"dir": "ENE",
		"degrees": 62
		},
		"avewind": {
		"mph": 7,
		"kph": 11,
		"dir": "ENE",
		"degrees": 62
		},
		"avehumidity": 76,
		"maxhumidity": 0,
		"minhumidity": 0
		}
		,
		{"date":{
	"epoch":"1493726400",
	"pretty":"7:00 PM WIB on May 02, 2017",
	"day":2,
	"month":5,
	"year":2017,
	"yday":121,
	"hour":19,
	"min":"00",
	"sec":0,
	"isdst":"0",
	"monthname":"May",
	"monthname_short":"May",
	"weekday_short":"Tue",
	"weekday":"Tuesday",
	"ampm":"PM",
	"tz_short":"WIB",
	"tz_long":"Asia/Jakarta"
},
		"period":10,
		"high": {
		"fahrenheit":"89",
		"celsius":"32"
		},
		"low": {
		"fahrenheit":"76",
		"celsius":"24"
		},
		"conditions":"Thunderstorm",
		"icon":"tstorms",
		"icon_url":"http://icons.wxug.com/i/c/k/tstorms.gif",
		"skyicon":"",
		"pop":80,
		"qpf_allday": {
		"in": 0.34,
		"mm": 9
		},
		"qpf_day": {
		"in": 0.24,
		"mm": 6
		},
		"qpf_night": {
		"in": 0.10,
		"mm": 3
		},
		"snow_allday": {
		"in": 0.0,
		"cm": 0.0
		},
		"snow_day": {
		"in": 0.0,
		"cm": 0.0
		},
		"snow_night": {
		"in": 0.0,
		"cm": 0.0
		},
		"maxwind": {
		"mph": 10,
		"kph": 16,
		"dir": "N",
		"degrees": 7
		},
		"avewind": {
		"mph": 8,
		"kph": 13,
		"dir": "N",
		"degrees": 7
		},
		"avehumidity": 77,
		"maxhumidity": 0,
		"minhumidity": 0
		}
		]
		}
	}
}
